statement,type
okay taa but i do not check the tl of every person you need to write or somethin,SARCASM
but it is the demoncrat african american losing job to illegal invader,SARCASM
okay i wa just having a little humor but thanks so much for correcting me it really made my day,SARCASM
i love that you a a socialist are utilizing capitalism to promote your agenda,SARCASM
i do love the inability for the spiked brigade to understand how people read the news,SARCASM
and i m sure he drove south to monsey to attack the zionist hasid living there rather than drive a similar distance north to kiryas joel thus sparing the anti zionist satmars,SARCASM
it wa a joke because all i see if stuff like this that say california racing ha basically become on joke and will not last,SARCASM
you want to know who the bully is rick burgess using his platform to bash gay people,SARCASM
oh this guy ha been lurking around your u border to get hold of u oil encroaching on your land frigate off california war with an excuse to put iranian troups on american soil for oil no give u more detail when did these troupe invade usa mirror life,SARCASM
theory of russian tilting the election accepted a gospel by those who would do anything to change the election result,SARCASM
hilarious wa belittling slinging insult but blocked me for speaking truth,SARCASM
and then stand back saying nothing a they are attacked,SARCASM
thanks for turning me on to keep finding people who fight the trump hate,SARCASM
he said while reading twitter instead of doing what he ought to be doing at this moment,SARCASM
the of you saying that whn the impetus for my comment wa sum consrvatve calling john lewis a senator,SARCASM
all bc ppl do not like traffic in their street and parking taken away,SARCASM
how fascinating your life revolves around reporting people on twitter so much living with love,SARCASM
so you r not only ignorant of basic econmcs but also national historynot uncommon of your ilk fortunately you r minority,SARCASM
pretending to care about woman right when the other candidate had an accused rapist husband,SARCASM
they want to be paid for it they can see the money they will make to secure their independence,SARCASM
i am so glad my medical dr ha been expertly counseled by her esteemed sport medicine counterpart on how to properly treat her patient with family history of aneurysm universal health care medicare for all gtf oh,SARCASM
awesome it is definitely on my to watch list but it doe not come out here until boxing day,SARCASM
aaaaand there it is woman are not their own people until they can be exactly like men,SARCASM
because it not any better the good guy changed the shooting into a shootout and ended it but not before people died it still people being shot in a church so no,SARCASM
well from that logic the world will never see a christmas clown then politician excluded why is it that so many green voter choose to live in inner city suburb that have so little vegetation,SARCASM
a political and military tension build record number of chinese will be traveling to the you s,SARCASM
yes hating people for their opinion doe indeed make someone a bigot white knight,SARCASM
say the man who is talking about city i will be giving it miss tho you know got adult and parental responsibility,SARCASM
grammar are you a fan of the poor spelling tweet a well,SARCASM
the and positive is that kindness and compassion from others always seems to multiply in the face of hate,SARCASM
how doe it deel when i ask you a question back he nandy probably doe not want to know you either,SARCASM
you consider it unsafe but get on board anyway,SARCASM
yeah that is what the establishment say too welcome to the old boy club chief,SARCASM
just giving you in return what you gave to me i am not racist just prejudice against prejudice,SARCASM
precisely maybe if this marinates a while longer it ll sink down to the bone then again wisdom,SARCASM
project much lol nice set up though so mcmullin not a liberal just drawing attention to bias,SARCASM
learn to roll your r s and pronounce spanish correctly then we can talk,SARCASM
the is this wa supposedly first used by the democrat party back in 2004,SARCASM
hope you have a good day today carol service ours is this aft i am doing this morning the gift of joy,SARCASM
do i have to declare every time i mention naked put,SARCASM
yes cuz clearly she is so right about everything know steve bannon real well lmao medium,SARCASM
and now your candidate sound just like him,SARCASM
please god i hope that is true because you guy are leading an assault on democracy,SARCASM
you know wa mocked for calling russia our greatest threat in 2012,SARCASM
you are calling someone a snowflake while complaining about a tv show,SARCASM
all those touting it is need to conform to 21st c are now talking about those right,SARCASM
no no sense of satire lot of bitterness i see why you hide insult sorta talk toughish,SARCASM
that i reported 100 bot only to be the one to be punished for it the timing dubious,SARCASM
hazel you are already a proven liar calling other people ignorant is beyond belief,SARCASM
then it would be more obvious instead better to let the political editor of the bbc take the fall make perfect sense,SARCASM
i d comment but your tweet is illogical,SARCASM
and netas run to corporate hospital for their treatment,SARCASM
agree should have added a tag on my previous tweet,SARCASM
and djt repeatedly harassing obama wa what respecting his president,SARCASM
someone from alberta calling someone from tennessee a hillbilly pot kettle black,SARCASM
funnily enough his alma mater ha one of the best economics program in the country,SARCASM
no i gott it i m just in a mood forgot the it s all good,SARCASM
good guy with a gun could have stopped this,SARCASM
i have dual citizenship i can stay wherever i damn well please right now i choose to stay here and attempt to make thing better btw so much for your embracing freedom of speech,SARCASM
brilliant analysis twitter appreciates your participation half of that is,SARCASM
there are a lot of white people who by their own standard should be deported see juxtaposition can be fun,SARCASM
ouch that really hurt especially coming from you,SARCASM
she look like a well informed foreign policy expert,SARCASM
think that being gay is a deviation caused by eating chicken grown with hormone,SARCASM
right the information come from real meteorologist but it is then loosely contextualized by people who call themselves journalist arguing against that being a clickbait trash article is it is shocking that it might get cold and snow in mn though,SARCASM
i wa hoping it would be you but hey any port in a storm ya know,SARCASM
nice comeback there with fact and logic just like your candidate,SARCASM
oh you were serious a democrat blasting republication on fact check that is hilarious,SARCASM
any organisation equally lambasted by the left for being tory and by the right for being liberal marxist is ok by me i quoted the guardian because it wa the publisher of the article in all it establishment finery,SARCASM
meanwhile we cried ourselves hoarse for a bm super hit across the board success party and got zilch,SARCASM
post truth pusher w their overreaching hubris quickly bypass the available to humility prudent grasp self refuting c cot,SARCASM
so they say have the kid then they complain about the cost of social program,SARCASM
you know you not liking his opinion also make you a bigot look it up,SARCASM
yes for the avoidance of doubt my tweet wa,SARCASM
yes dream come true for any true christiango trump,SARCASM
really your record is called love for all in every way do you see the,SARCASM
science is based on repeated observation by peer no t central authority flat earth projecting it own behavior,SARCASM
this photo can only happen beyond the arctic antarctica circle on a globe checkmate,SARCASM
yeah she should be ashamed of herself doing all that good work is just to much what is this world coming to,SARCASM
simply answering a question you will demand answer but dodge the simple,SARCASM
you are the science denier plus you supposedly do not believe but blindly believe in junk science evolution,SARCASM
but wait what council or creed condemned the teaching of a false gospel a heresy you do not get to make this up a you go,SARCASM
we were not whining we were demanding accountability yet here we are 0 progress,SARCASM
i m sure he is he s well known for reimbursing the cost of the aga khan island india trip,SARCASM
no because i m a complete idiot who lack the ability to think critically but thanks for weighing in,SARCASM
having a hard time with ur warmonger president retiring this friday obama s war,SARCASM
bill fact that you can not see the in the honesty dishonesty between sci rel sad,SARCASM
i get it donald trump wa the one against it he said the loser won because he had le vote,SARCASM
lol funny that you are talking about being lied to,SARCASM
i am not contending that him winning by the electoral college wa illegal it is that without the system he would have lost,SARCASM
no crucifixion wa generally reserved for those of middle eastern decent,SARCASM
employer like immigrant worker w family here the best mean they intend to stay gain the required experience,SARCASM
they guy calling for a religious ban is calling me a fascist,SARCASM
premium deductible out of pocket maximum all went up drastically aca is unaffordable,SARCASM
especially funny since trump wa at that time named in two civil lawsuit for criminal act,SARCASM
how in many way the blair government did much more to support working mother than any before it wa still not very impressive though did you have capital that prevented you getting benefit there s something odd about a tory saying benefit aren t high enough,SARCASM
a fan or andy murray tennis calling anything boring,SARCASM
you stay on topic that would be a 1st,SARCASM
well i guess if holding sign up in the air instigates getting punch in the face then you are right,SARCASM
i think people think my fake fake news post is real,SARCASM
yeah miss stone wa a bloody awful teacher probably dead herself now she wa 70 30 year ago gang of chase,SARCASM
which seems le interested in winning than in insulting and humiliating the rest of the party,SARCASM
also notice on 2 tv in spicers office in that breitbart video,SARCASM
say the woman whose twitter is decidedly pro cat and anti human in short you resemble her remark and are attacking her,SARCASM
worse it wa posted over 4 hour ago and is still uncorrected btw it is black history month incompetence,SARCASM
we a r enabling a more diverse choice sad some can not accept this,SARCASM
i know it doe for me the more you ask the le annoyed i am about to be with you and will throw my money your way,SARCASM
maggie painter coach painter daughter tweet i hope gary harris get hit by a train bt fu,SARCASM
yep you are right that is a perfect reason to elect another willy into office love trump i am still with her not okay,SARCASM
yeah she and i do not speak because of what he did and she started messaging my ex husband when i wa divorcing him she believed my ex over me five year later he sent me her message but i am the one in the wrong and lying eye rolling,SARCASM
notice his reference about illiteracy i am guessing he doe not proofread,SARCASM
yea having a former marine would have been terrible,SARCASM
they pay every dime a required by law else they go to jail unless they are protected by the same govt you think will save you,SARCASM
say the man who told feminist to shut up,SARCASM
are you sure because apparently meat loaf ha transformed himself into a sex god thus whatever he is doing is the best diet also the cover must have well defined ab to be credible,SARCASM
that s great i m always public this ll be the first treatment i ve had since injured last xmas in hospital lol,SARCASM
your twitter name is hate and discontent you are cry about libs reacting badly,SARCASM
wa not my point it is the potuss i bet my life that no unequivocal evidence of 3m fraud vote exists what brouhaha,SARCASM
if they take it seriously the satire are self fulfilling an ourobouros of shame,SARCASM
unless you actually put a post of 50 in,SARCASM
just saying this is the kind of thing that push people into doing extreme thing for their country,SARCASM
from what i saw on cb live he embodies the need for stricter regulation on who we let in to the country,SARCASM
just spotted a stop the property tax surtax on a mcmansion behind a gated fence,SARCASM
lol so negative change frm what 3000000 0 newly created job record period of economic growth,SARCASM
uh no it a fact it is actually the you s medium that continues to cater to people who belief otherwise,SARCASM
thanks much and i knew you meant no such thing a i said to a friend recently i do self deprecation like a bos,SARCASM
say the person posting meme that democrat are communist who want to burn the constitution defined go run away trumpkin go make some more out of context meme and delude yourself i will pray for you god bless,SARCASM
so now we are talking about how we should have imposed a ban 50 year ago i sincerely hope you have an iphone,SARCASM
yea same thing happened to me when i wa in france walked into a bar and they all started speaking french the bastard,SARCASM
raised a a catholic and went to catholic school wa made to go to church my whole life had the bible read to me at school wa confirmed at age 13 i have no idea shut up jenny,SARCASM
i love that the guy who played dillon is giving advice about being honest and growing up karma,SARCASM
unlike ukip meps who went with pr vote,SARCASM
so much hatred have you seen vids of people at trump rally,SARCASM
no problem i prolly shoulda used to make it clear,SARCASM
ok let u get a few thing correct your claiming i got triggered for being called dishonest while ignoring how you got triggered for being called out for it disagreeing is one thing making ridicule claim you can not back up are another and now you run away lolz,SARCASM
right wing middle aged men i did not mention your skin or colour you saw white when you read it,SARCASM
energy via fusion i mean string and plasma release or like everything else in our atom existence is their a vibrational component that doe not proportional relate to mass in some environment or in simpler term quantum mechanic is based on vibration,SARCASM
indeed that is what they did when the soviet were in afghanistan by training bin laden,SARCASM
continued quick to block anyone who disagrees with their opinion censorship hypocrisy,SARCASM
it is great that liberal know how to fix everyone else guess when you are w o sin you can cast stone resist liberal cluelessness,SARCASM
part of the same negligent reporting of the situation that is led to the need for a rallying call in the first place,SARCASM
i am sure you were a big believer in the iraq war and wmd prob still support bush,SARCASM
well then that change the entire narrative it is not like you are saying i am not racist my best friend is blk thanks for the clarification,SARCASM
or slowdown the economy so much that people willingly move to bangladesh which seems to be the preferred way of this government,SARCASM
really that is the scale we grading on now what a monster that bernie what the actual fuck,SARCASM
the trump supporter tell me to get informed,SARCASM
right that would be funny if this were true and the gop blocked obamas sc choice and they could undue trump with it,SARCASM
your ignorance is so stunning you are barely worth my time to reply crack a book man plaining patriarchy,SARCASM
right i will have to allow all those global protester through my 1man opinion barricade because you say so hypocrite,SARCASM
hate and bullying omg you voted for trump,SARCASM
but you are basing your support for the idea that the nh is for sale on what trump said early but you will not believe what he say now go right over your head doe not it,SARCASM
your circuit seems to be glitching this morning jason,SARCASM
i just looked and only saw 1 i quoted one of his tweet tagged it classic tater,SARCASM
growing economy job stock market high approval rating 10 uninsured so horrible,SARCASM
yep i have been asked will they add review remind people that linkedin removed company recommendation year ago,SARCASM
will not anyone think of the real victim the money the money is innocent in all this late stage capitalism,SARCASM
best part of your feed is reading how you are teaching your kid not to bully and voting trump,SARCASM
great response really help the dialogue carry on,SARCASM
a pak stooge who still serf her colonial oppressor calling democratically elected govt a stooge,SARCASM
so funny the guy who make a profile up just to cry to pauline and then talk about stalking,SARCASM
awww your upset the article of impeachment are being withheld but they are just taking the time to verify that the senate trial will not be corrupt,SARCASM
what rhetoric are you speaking of a man reminding u he s a man of color who wear his skin 365 24 7 iow it is part of who he is that wasn t rhetoric that s reality maybe folk wanted that to fade away so we could sing kumbaya,SARCASM
we had a kevin impersonation this aft he is now watching supernanny and critising the behaviour of other kid,SARCASM
day of sometimes they do it the night of thanksgiving,SARCASM
they are socialist their cruel intention is to propose this class war that unifying all class to you know it the working class in other word they want to end all other class so they become one it sure worked well in china huh,SARCASM
go reread your sneering post about him and his supporter you know exactly what i meant also don t even attempt to patronise me dionne why don t you clear off to instagram or are you banned from there a well a you tube,SARCASM
fwiw i have been begging people to ignore trump twitter which he us for this,SARCASM
lol i asked for a state lol clearly you r just lie,SARCASM
sure everyone should behave appropriately guard existing order otherwise jail welcome orwell,SARCASM
the country uk i have living in ha so far been ful part parcel of vicious cartel of this sophisticated concentration camp,SARCASM
that is right only those with money should be allowed to join any political party if they are poor they should be denied a voice in the political party they support the poor are unworthy of having a say for the crime of being poor in fact disallow the poor a vote,SARCASM
truth hurt ur feeling or you just do not know how to respond to dems calling him out transition of power,SARCASM
practice english before you try to read it,SARCASM
their nation status wa a gift from the fascist mussolini tainted but they do not want to give it up,SARCASM
and a taxi is different from a private hire ignorance,SARCASM
it is easier to fool people than to convince them they have been fooled probably misattributed to twain,SARCASM
i am at work and i am making 30 piece of toast state of america,SARCASM
i live in a bubble this is coming from someone who pretty exclusively follows account from the far left my son just graduated and started his 1st real job he chose from multiple offer well over 100k there is opportunity out there but you have to open your eye,SARCASM
thank you now going out to play with dog,SARCASM
did you notice r troll spewed hrc nuke war a extra finger on the scale,SARCASM
this md info from their website ha training in microsurgery and specializes in telemedicine i guess fda approval of psilocybin will take care of the shortage of mental health care professional,SARCASM
it is a important today to be a woman of color a it wa to be a white male 160 year ago gop party of lincoln democrat,SARCASM
hope i do not need to forward mail to new id next time,SARCASM
i love it when trump ians get upset when people call trump name the,SARCASM
no way trump printed it himself and the used to go golfing at his resort,SARCASM
the bible is still the world best selling and most widely distributed book,SARCASM
he used to call the office and yell at me for tweeting stuff,SARCASM
then i am glad the religious teacher doe not do the same,SARCASM
ok so the big gov leftist want is racist even though they want people to rely on it more,SARCASM
oh dear something amiss with your education or are you a a gemini intended,SARCASM
well maybe we can make them aware at those really worthwhile meet the manager session,SARCASM
i will say this again a sf member sat in a british parliament stormont a deputy first minister in a british state ni with a statue of the unionist icon edward carson outside while some of it member received a pardon yet some hark on about the sdlp,SARCASM
what you lefty commie do not get is you have become even worse than the bush neocon lemming,SARCASM
it is a little lame considering that i told you i am a fan of hers you are complaining about my opinion,SARCASM
oh no whining not that yes martial law that happened huh,SARCASM
i thought conservative were for small government and privately owned business doing whatever they want and whenever they want you say that a baker shouldn t be forced to bake a cake for a gay wedding i agree so why are you forcing fb to not run their own business,SARCASM
say the woman that start the conversation with i wa told,SARCASM
totally this journalist should stop looking at current event researching and analyzing them and proposing thoughtful piece laying out potential motif or ramification of said convergence of event their job is to believe and champion what politician say,SARCASM
would be sweet if trump doe what jfk and lincoln did make money without paying the rich banker interest,SARCASM
dear joker when wa the last time you had a good laugh,SARCASM
so the corrupt mayor caused a many problem a possible when the president of his country came to visit but he himself built a wall to segregate somalian,SARCASM
got to plan so far ahead it is stupid i miss spontaneity however my body cause me to spontaneously cancel plan haha,SARCASM
anti elitist vote into office the epitome of elitism with a touch of narcissism for entertainment resist,SARCASM
so you are saying i should not believe in god just because you are say he doe not exit,SARCASM
knackered brain dead to read them at the moment,SARCASM
hmmm corn diesel the embroidery seems to have been made with cornsilk now that is on fire,SARCASM
so s tweet criticising s comment on divisive nationalism ha descended in2 a thread of abuse division,SARCASM
you mean like these one oh the btw were did you got that i am the one who doe not know t,SARCASM
your calling porn bad and commenting on a thread about banning it is basic logic beyond you but i love the sjw dig while you are literally calling for censorship act more like a snowflake please,SARCASM
waiting for the chip in the brain with holographic projection from the inner eye 53017,SARCASM
dy thousand time when an aapiya talk abt nationalism,SARCASM
i m laughing at our chum playing the righteous game down in chiswick,SARCASM
i see you missed the tutorial on thanks for the entertainment,SARCASM
how ironic coming from the newly found bible loving war mongering obama supporter,SARCASM
while you blame bernie s wife and susan sarandon you re projecting your misplaced blame on me the clinton literally convinced trump to run for president and wanted him to be nominated via the pied piper strategy because they thought he would be easier to defeat,SARCASM
or sweden sweden suck with their no cash policy,SARCASM
nice lecture on name calling hypocrisy from someone calling our president a fascist in his screen name,SARCASM
especially when care is in their twitter handle,SARCASM
the of a pro ru assad troll that ha spent year disparaging is now asking for answer is astounding,SARCASM
and that itself a i understand it is racism lol,SARCASM
i read yours after i read that lol,SARCASM
cost of security stock loss more than cost of checkout person,SARCASM
sound legit may or may not be possible without these different playoff classification,SARCASM
please do we are inn the city for an hour almost post which we would not know how to deal with the car quite upsetting we touch your base not find a single car when zoomcar seems to be doing fairly a good job,SARCASM
since becoming severely disabled i have not attended one conference not even those on participation and inclusion,SARCASM
because the skywalker family and the jedi are the clearly the most interesting part of this giant sci fantasy setting,SARCASM
the guy who is constantly contradicting himself lying about what he said and resorting to childish ad hominems is entirely consistent since we are going there you are either a complete idiot or dishonestly dancing around what you really believe either way muted,SARCASM
do you know what moron mean how about why be proud of being ignorant,SARCASM
someone supporting political violence to silence people with different opinion is calling someone else a fascist,SARCASM
yeah it is real hard to understand how she lost after giving the finger to 46 of her base,SARCASM
i would be correct in guessing you have no idea the meaning of,SARCASM
intellectually lazy quoth the twitter account that used west suck a their argument,SARCASM
we have electoral college because the framer of the constitution didn t trust direct democracy,SARCASM
not sure what you mean hopefully it wa,SARCASM
yeah thatll convince someone to vote for your guy douchey activist support douchey candidate there is no good or functioning socialism it doe not matter how many time you try or how much smarter you think you are socialism always lead to hell always next,SARCASM
yeah he felt so empathetic parading ryans widow in his speech saying how many applause he brought down,SARCASM
always do before making assertion and coming to conclusion deep burn hash tag hash tag,SARCASM
a nobody like you pointing finger at ppl who have been instrumental in sea change such,SARCASM
sally you clearly have no life by creating all these fake twitter account,SARCASM
yeah i am pretty sick of liberal arrogance and self righteousness life is too short say did you know democrat were liberal prochoice slavery white man right to choose 160 year ago too,SARCASM
what a scary bubble to live in dissent memo from state about this counterproductive eo,SARCASM
the answer to the question is the only way to get some game braking talent is to pick top 2 especially for these guy so yeah even top 2 they could look for character before talent,SARCASM
she doe not make money she begs for money begs for money to fly herself around the world spreading her hate going to foreign country to tell them that they should not let foreigner tell them what to do,SARCASM
i do not either mostly tho consistency is imp or description are inherently unequal,SARCASM
rw ha always blamed medium to be biased paid and today they have embarked on worst propaganda politics,SARCASM
say the one who mock meme yet sent me one,SARCASM
where did you read that on the cbc,SARCASM
but this one is also clearly jealous of all the support johnny get from so many people no one would stan him for free yeah sure a loving talented and charismatic actor having fan weird right people should stan blue tick m0rons on twitter stead lol,SARCASM
you said you would move if you did not which is fantastic from a brexiteer account but ala i can not talk to sockpuppet account all day long need to talk to smart conservative and not bullshit artist like this account,SARCASM
if math really played a part in this election the popular vote would have won,SARCASM
have you ever heard the word or chandler bing no sorry ur in real trouble can not help you,SARCASM
ee have told me there is nothing they can do your call centre said i will get a text when it is delivered,SARCASM
no no not that it s about sid being lazy and all the time sleeping in razai,SARCASM
actually you should be ashamed that you apparently have zero sense of not to mention assange defending peadophiles,SARCASM
i reckon i should preface every tweet today with either,SARCASM
looking for a quick win on a complex process sound like a usual ask from a someone working on reliability,SARCASM
racist tweet from year ago would have been forgotten about had you not brought it up again,SARCASM
well is not that what you are doing with your post of that picture right now,SARCASM
gop hate it yet it may have helped them,SARCASM
to fact check that i googled alberta record level private investment top result,SARCASM
guess what it is 3 hour left for your 6 12 hour for you to reach out to me i still have not heard from you or sanjay who promised to call me to check if i got my delivery by 9pm you guy care so much for your customer if you did not get it,SARCASM
we are talking about a guy scared to talk to his constituent and i am the snowflake,SARCASM
you are a british nationalist who call indy supporter xenophobes,SARCASM
aww bless you read 1 2 the quote think you know keep reading,SARCASM
for all trouble exists now only one explanation put in did it putin is reponsible,SARCASM
what is the betting that lot see islam a a hateful regressive force satire is dead,SARCASM
funny that the ppl that voted voted for the very thing they hate,SARCASM
at least in mexico all the gender critical people do not call themselves feminist because misogyny is still very rampant because i am not sure what is worse,SARCASM
allow pitcher and catcher to wear headset to communicate pitcher can hold glove over mouth to hide what he s saying,SARCASM
but you have been more than happy to engage in a debate with myself over several hour because of it content oh again,SARCASM
oh i am a yougin who is not experienced in computer i am too young to know how to edit a screenshot poorly and overlook the background texture by brushing it with a solid color poorly,SARCASM
phew aaj desh me sweet bategi congratulation you got clean chit from corruption chidambaram,SARCASM
or chirac bad whose opinion even though i am centrist i would be much more interested in,SARCASM
well are not you sweet odd you talk about safe space from behind an anonymous account able g ab poli,SARCASM
or eat with a knife fork because you would be part of the problem,SARCASM
love it when pro pr type who spout ndp approved bashing line on erre call themselves freethinker,SARCASM
actually jordan is the real imperialist creation by britain given to the arabian hashemites,SARCASM
more tolerance from the tolerant left i see,SARCASM
the story of jesus end with him speaking out against the ruler of his time pissed them off with his teaching including treating others ethically then those political figure murdered him but you know nothing to do with each other,SARCASM
they think they are an intellectual lol your level of intelligence speaks lol,SARCASM
again you are using those word incorrectly and then claiming i do not understand them,SARCASM
us image of the constitution but doe not understand 1st amendment,SARCASM
no read again i realise it is tricky to understand the klose goal in itself wa a favourite one of many maybe look at the original tweet and the one i quoted incredible i have to spell it out more incredible that you still will not get it whooo sh,SARCASM
you probably are wind and particle into water that feed crop,SARCASM
on sacred site his is posted while nestor is watching johnny depps lone ranger off to do dish before the game,SARCASM
i ve said soooo many time sometimes on twitter we need or because if you pick up the discussion half way though it s like chinese whisper,SARCASM
not quite most likely he wa murdered by savarana hindu isi fanatic,SARCASM
those who use god word to demean another miss the point of their faith,SARCASM
who basically shilled and egged on those who wanted to illegally and maliciously go out and disrupt traffic sure those lawyer sound legit,SARCASM
anyone who belief the moon landing wa real deserves to be separated from the flock excommunication is the only recourse,SARCASM
you mean like trump did using worker with expired h1 visa and producing his product overseas lol,SARCASM
say the guy that wrote lamo v lmao,SARCASM
thank you ajay maybe you wanted to add,SARCASM
is not an excuse it make matter worse i do not want to support a contemptuous literary ma,SARCASM
depends on how we did it i do find it ironic that you use hitler a an appropriate analogy whilst not recognizing the similarity between hitler and our present leadership because assassination is something hitler would practice,SARCASM
cuz they did not care s motto american first yet he is willing 2destroy d land of d 1st american,SARCASM
given rngs nature he could have surprised all incl ig and invited her a show of,SARCASM
lolololol god you believe in god and want to talk about mental illness laughable,SARCASM
the polyp predator is tough on russia spicer you suck,SARCASM
we have an unelected pm leading a govt voted in by only 24 of the electorate we can not change that,SARCASM
black history month directly besides japanese white day which tbh i am sorry i know nothing about,SARCASM
the one demographic hrc outperformed wa rich educated white,SARCASM
but you are the one with a fake profile pic,SARCASM
but the actual fact is she is qualified you are being quite sexist and it is baffling how you defend woc with sexism,SARCASM
you could always set the cage on fire,SARCASM
it s a common and laughable fan claim about game not meaning anything if when they lose all we here is upper tier athlete and coach are unbelievable competitor and hate losing at checker so yeah couch jockey keep defining meaningful game,SARCASM
you should not accuse people of being idiot and misspell you are,SARCASM
so why ha he gone to big dollar fundraiser run by fossil fuel executive to raise money for his campaign that is what sunrise wa calling him out for and his response wa go vote for someone else sure sound like a leader when it come to climate policy,SARCASM
personal experience i wa told i should accept feminism stance by a feminist friend no thanks,SARCASM
got to love that the same communist basically praising stalin are trying to silence opposition,SARCASM
i would like 7 guard jammed into each little guard house,SARCASM
choi soon sil appeared a a witness to the impeachment trial a she wa entering the court she screamed democracy wa dead,SARCASM
my use of the strategy wa intentional if you did not pick up on that already i demonstrating how stupid this strategy is also you did not address my other point since when doe being a 16 year old activist remove a child from the realm of innocence,SARCASM
8 realize some terminal degree are a waste of time,SARCASM
madigan kept quinn from passing ethic law that would have prevented bruce from moving his around,SARCASM
the same people who want war with russia will be the same one who mock the military for being brainwashed idiot,SARCASM
it is a thing called self employed it is a new concept who pay yours dinny talk about post truth,SARCASM
just to be clear when mitt romney ided a russia a an enemy pres o dems laughed their way into 2nd term,SARCASM
saudi arabia can come over anytime they like they are not banned,SARCASM
i realise i made a spelling error also,SARCASM
the white nationalist themselves claim the alt right how many time do i have to post this,SARCASM
brexit would damage scientific research in britain but not boycotting country w world highest per caput patent,SARCASM
exactly we are a democracy and had a democratic vote and we voted to leave,SARCASM
love trump voter talking about who is uneducated,SARCASM
authoritarian but neither conservative nor socialist non partisan,SARCASM
you need to meet actual people your attitude is why you will continue to lose your condescending hatred combined with so much ignorance make people want to teach you a lesson that you refuse to learn you will one day you will call it hard earned wisdom,SARCASM
you have made it glaringly clear you are a fake a your lord jesus christ,SARCASM
gee that sound a lot what said not too long ago,SARCASM
libtard stated by someone with absolutely no education and an iq below 80 fake news victim,SARCASM
finland and germany were never allied they had only the co belligerent pact,SARCASM
why would i be mad when you are the one who is 60 acting like a secondary school child,SARCASM
not all anti trumpsters are in that group so do not put them there k,SARCASM
a man from irchester saying someone ha webbed foot wow,SARCASM
it is primary reason why we are upgrading a the new sim will be more resilient a always look for strongest network,SARCASM
no two face you criticized the use of the union jack and the queen and comparing it to nicolas use of the saltire a being an equivalence using hashtag you are a typical thick uneducated nat,SARCASM
altho i am not going to be lectured by someone from a country who wanted to leave about all thing british,SARCASM
ohh so close but the correct answer wa what is,SARCASM
2 by ur tweet you have just done that 4 which you have condemned me trump truth agenda,SARCASM
zaid sb he ha a twitter account twitter account is more valuable than practical experience and common sense,SARCASM
then tom muted me cuz he need his safe space,SARCASM
your grammar is wrong and your number 189k eu 196k non eu to june last year pre ref ons 48 funnily,SARCASM
i know you don t that s why i said it man alive,SARCASM
so it s ok for them to say this hate filled vile stuff including death threat but nobody can dare to even slightly say anything against their perception of the world i stand with maya,SARCASM
oh so you are concerned about politician degrading woman now jay z for potus,SARCASM
the here is that you are the commie,SARCASM
it is only the broadband phone with allegedly our location mean give best broadband,SARCASM
farage is a clown close the border german wife likely applied for dual german citizenship,SARCASM
so more that liberal support this chaos ty jim,SARCASM
a bit like you then i do not talk to them,SARCASM
i see that i wa responding to who seemed bothered by mean and impolite democrat,SARCASM
no you simply pre judge tchrs union w out guaranteeing them due process,SARCASM
free in the same way a russia freed crimea and eastern ukraine awesome job guy,SARCASM
i did not get to see the film of pumpernickel because i wa in a show of hamlet,SARCASM
by voting stein you make a trump victory more likely to happen,SARCASM
no worry the white house will call 10 downing street when they need more fresh body to the fight,SARCASM
yet here you are insulting me and complaining about me yet you do not get your own pu el out saint fc,SARCASM
well being that i m sick a a dog i plan on making a nice nyquil cocktail,SARCASM
wait a regulation that wa a bad idea not possible,SARCASM
he wa always good at leading receiver saw this far too often in 7 year in miami,SARCASM
you realize this is an atheist jew applauding a mulsim raised atheist while he sell the word of islam,SARCASM
i know you were probably joking because we all know that it s a lot more complicated than that i wa able to see the shadow side of the world due to the nature of my work and ugh the most unexpected people lead double life and hello hypergamy,SARCASM
no i wa deadly serious that they have all completely lost their mental ability,SARCASM
you are labelling a whole country and it is people to try and suit your separatist agenda,SARCASM
well if she won award then that change my mind,SARCASM
i do not even remember what this wa about but apparently irony is lost on me,SARCASM
completely agree with you here u winning gf just papered over crack imo,SARCASM
you are awfully autocratic or authoritarian try to see trump a something other than a crime waiting to be exposed know you can not gop party of lincoln,SARCASM
yes indeed berkeley wa a leader in the fight for free speech over 50 year ago,SARCASM
oplans yes according to title 10 but conops gasp and grasp my pearl never why would civilian oversight of such thing matter,SARCASM
of course a having a potentially convictable child rapist a potus could destroy civilisation,SARCASM
it wa that a revolution vernacularization wa employed to enable reactionary authority sure,SARCASM
update app still say my flight is on time however indefinite hiatus is not on time in my universe also my ride is no longer able to pick u up from the airport because they need to be at the rehearsal dinner thanks again for all your help,SARCASM
the ceo of starbucks wa a large donor to the hillary campaign,SARCASM
you re replying to a contributor at playboy,SARCASM
i believe they are actually paying seat filler everyone get a prize,SARCASM
because these award always go to the most deserving,SARCASM
wow ya really got me with that zinger you must write for snl,SARCASM
i mean if you are going to sign another old qb i know of one who is going to be a free agent and ha connection with the head coach,SARCASM
he is not he is pointing out the ppl who get mad abt burning often break flag etiquette,SARCASM
jp5 wa a heisman trophy finalist b1g dpoy and a unanimous 1st team aa and you are telling u to come on,SARCASM
joe biden who said paul ryan wa right to want to cut social security and medicare would never ever in a million year chose a republican vp because that is not in his nature at all,SARCASM
indeed most fraud from the 2016 election wa by trump voter,SARCASM
yikes i wa responding to the tweeter above who said one of trump crime wa nepotism,SARCASM
a lot of british and american are anti immigration yet when asked about israel they say they can do what they want,SARCASM
howard murdoch bolt ipa dingbat etc promoted a fear of eviction bucketloads of propaganda deceived voter suggestion aussie should go back to where they came from wa later used to highlight the hypocrisy of gov abuse of refugee,SARCASM
left should probably keep attacking the centre left rather than looking at the bigger issue party is bigger than country after all buddy,SARCASM
whatd you say earlier to me you are deflecting gop logic,SARCASM
trump grandfather came here from germany after avoiding the military,SARCASM
not to brag but i consider myself a professional catastrophisor i actually consult for others in case they can not catastrophise a efficiently a me no one ever thanks me,SARCASM
i would respond to that but i should check my ci white male privilege right,SARCASM
you think i am actually arguing that life ha the same complexity a an indiana jones movie you still do not know what sarcasm mean do you please look it up in the dictionary lol,SARCASM
do not disagree with dave he is a former pro athlete so he know more,SARCASM
funny that you want to stay part of an open organisation that ha eroded parliamentary sovereignty,SARCASM
yep that wa thatcher agenda payback for daring to strike because cutback in power resulting in 3 day week how dare the miner ask for a living wage better education for their child and decent housing,SARCASM
multiple grammatical error in a tweet correcting an obvious spelling mistake,SARCASM
every self proclaimed anarchist went thru an academic curriculum that made them the way they are,SARCASM
really and what are you doing now if you do not like my reply then you should of thought about that before you replied to my tweet last night your debating skill amaze me,SARCASM
one of the guest clearly told the btv anchor bos after 2 day nobody will remember,SARCASM
canada export asbestos all over the world and you want to speak on american coal killing people,SARCASM
a silly hokum argument from someone telling someone else to shut up and suck it up,SARCASM
that s not right at all it s all climate warming global change weather perhaps,SARCASM
lol seriously a fucken actor when the president elect aka penny bos is a reality show host,SARCASM
not sure if or not but build the wall repeal obama care are future event not past,SARCASM
the irony of an attorney general encouraging illegal activity and bashing those who want to follow the rule of law,SARCASM
more assertion from the christian the lying spiteful christian,SARCASM
there wa also this voter fraud case in iowa involving a republican more,SARCASM
i doubt many people in football in the you k will have the iq to see it is value,SARCASM
unfortunately it a harsh reality we regard ppl on basis of belief faith,SARCASM
they have written horrible thing about nole for 2 yr now they attack noles fan for bias,SARCASM
that is why i tend to ignore business medium and i do not have time,SARCASM
not to mention a man hit a woman at a march and the protester said she deserved it,SARCASM
you have to admit that product is the most american solution to an insect problem though perhaps better than offering them salt only to watch them explode salt doe not kill mosquito,SARCASM
really now you value government oppression over freedom what are you muslim no sorry that is racist,SARCASM
that s is indeed why i tuned out the triangle from hell ha been made 1000x worse because it s totally one sided towards hopeless now sally is going to loose out to a felonious logan that nobody gaf about who want to guess how quinn v brooke turn out,SARCASM
but you know her kid are apparently being beaten because they drank from a public water fountain i had no clue,SARCASM
5000 right around the corner it is a double up pattern lol okay i am being a little,SARCASM
victor are you really telling woman how they should feel about a tweet while claiming it wa sexist,SARCASM
a clinton supporter so stupid she doe not know how stupid hrc wa,SARCASM
you told someone to show some respect and immediately engaged in an ad hominem attack,SARCASM
way to affect the change you want to see in this world facepalm i did do something i did not vote haha,SARCASM
this is medium lying to push a narrative hypocrisy,SARCASM
i guarantee you that if corbyn is forced out the tory ukip will be in coalition well done,SARCASM
yes i m sure that list wa long,SARCASM
yes despite having lived in lincoln for many year,SARCASM
because of the liberal policy of liberal democrat nyc sanfran is moving conf prior story kid complain about rule punishing 4 stopping suspicious man you need these thing 2 protect r not free,SARCASM
they have signed on for a former kgb communist but claim potus is socialist inners,SARCASM
hillary clinton said that in regard to sidney blumenthal email she only looked content not source,SARCASM
you re correct rob while the math doe work it s just not the right math that s the amount it would cost you if you worked every hour of every day and the amount wa 001 per minute glad to see people don t just blindly like tweet that back their point of view,SARCASM
good then stop going for people who is opinion is that he wa wrong,SARCASM
here are my two favorite quote that reflect cenks view on woman the only reason you would not want equality for woman is if you are an incredibly weak man and if you were a woman and did not have equality would not you be angry sure sound misogynist to me,SARCASM
what are you like 11yrs old cuz your failure at simple logic show it you who need educ,SARCASM
do you even know what the definition of a bigot is you only need look in the mirror hahahahah,SARCASM
i would not call cnn bbc garbage but you surely know,SARCASM
lol someone using the resist ht while calling gop extremist,SARCASM
honey you are the one not abiding the law or constitution a president wa legally lawfully elected you riot hypocrite,SARCASM
just trying to figure out the truth from the lie apparently not,SARCASM
pleasing but not too pleasing or else you alone will be responsible for any thing bad that happens to you because,SARCASM
2 month and no fishing no wonder you are an angry white man,SARCASM
also let u not forget pm sexual assault charge tenn and how quickly quietly nfl squashed his ped scandal,SARCASM
no wonder christian accuse jew of betraying jesus and putting him on the cross,SARCASM
i am assuming that the of you using a computer of mobile phone to post this is not lost on you,SARCASM
that is the point trump took away the credential of reporter a well,SARCASM
my patter is cringeworthy did you use google to find that word and you call me a bheast in same sentence,SARCASM
mm is a fmr pm fmr fm who ushered in liberlization and fmr rbi governor can not think such scam happened in his tenure,SARCASM
also funny that you are now attacking me and not the message climate brawl,SARCASM
yep and you have demonstrated your ignorance by prejudging someone about whom you know nothing which wa my point,SARCASM
i am pointing out the of penny calling out clinton while doing the same thing himself,SARCASM
huh they are debating a rule i wonder what rule some gentlelady claiming the democrat did not uncover one single piece of evidence some major league gas lighting there for bonus point washington is broken also sham charade and we should stop wasting time,SARCASM
it is the of the word not the fact it is misspelt freudian slip un president ed,SARCASM
what i am dreading is an earnest progressive white man opinion on the story and reaction,SARCASM
let me attempt to answer you are a younger person echoing a sad old man talking point about being set up by the fbi you parrot how comey is not a smart moral a djt the one with bad intention this is you metaphorically yelling at comey yeah get off his lawn,SARCASM
not to mention that is rich you calling someone ignorant and describing trump a not so bad,SARCASM
the person who can not use punctuation is talking about illiteracy,SARCASM
of course what are we even worried about almost bought into that better education and new technology scam there did not we,SARCASM
who need a business problem to solve when you have shiny new tech,SARCASM
mexico ha a wall on their southern border and their law carry harsher punishment than ours insanity,SARCASM
everyday morning i wake with one dream tht my return order will be picked up my refund will be given,SARCASM
i guess we need to show the same respect a is shown to king obama,SARCASM
call someone an idiot online then post this,SARCASM
finally isn t a white person being hateful islam those who disbelieve from among the people of the book and among the polytheist will be in hell fire to dwell therein for aye they are the worst of creature 986,SARCASM
that is the exact same verse the priest recites before execution,SARCASM
yeah i totally want my tax going to refugee,SARCASM
police wa bystander or rather accomplice in this event,SARCASM
terrible practice how dare you let your kid flounder in mediocrity,SARCASM
first time i wa ever blocked for defending a defender of trump,SARCASM
but why would oj want julian to slit his wife throat,SARCASM
if those are the criterion you and those other guy must be devout atheist,SARCASM
right you listen to geller who just got caught in a huge lie about what the liar spicer said,SARCASM
perhaps she should actually watch the episode before ranting with uninformed insight,SARCASM
under the new fixed term parliament act i think she need a 55 45 majority to be able to dissolve parliament early,SARCASM
you use a fake account to make accusation of fake news,SARCASM
dammit missy youtube deleted it for violating harassment policy wtf,SARCASM
nothing like no we can t to inspire ppl to get to the poll on election day yaey biden i get a bit orgasmic evrytime biden list me the thing i can not have tell me nothing will fundamentally change biden2020 biden crime family marianne 2020,SARCASM
like you gave president obama respect i did not think so,SARCASM
say an ex army person programmed to do and believe what he is told,SARCASM
more pay for le work oh yeah that s going to happen,SARCASM
twitter is such a wonderful place unfortunately twitter is full of guy who do this and not to just 19 year old woman woman in general during a no mercy ppv a few year ago a guy dmd me and said all kind of stuff he wa married with a son i put his dm online,SARCASM
but come on see some humor what bill lied about donald brag about bill wa impeached for lying about an affair donald wa impeached for read note trying to manipulate an election family of both this is a political hit job,SARCASM
wonder if peter is aware that he just put his own view point in check mate at it best here,SARCASM
yes that is why we elected a tory government that his first order of business is to require photo id to vote on a nation that ha no official photo id documentation we really dodged a bullet there with the eu did not we,SARCASM
julia she wanted everyone to know she is the true victim in all of this,SARCASM
because that is democracy the voter are entitled to know exactly where the top candidate in the race stand on the issue christy is just afraid of being called out on specific policy she doe not want to defend her record sound like the recipe for a great rep,SARCASM
i do not really get that part but some woman hit out at other woman to just get the attention of men,SARCASM
guy with trump for life tag line insult someone else for being nothing but a follower winning,SARCASM
what you don t think that this abrupt severe stenosis with a nipple and no thrombosis in pt with known risk factor is clearly tos,SARCASM
sorry i forgot to use the font i am loving your video it giving me idea and inspiration for some stuff i would like to try,SARCASM
yeh you recognize the same thing wa said about israel before tell that to the child of palestine,SARCASM
well i have tried a tweet the internet is an obviously a difficult area for,SARCASM
yeah but at some point you have to it caused their failure which you just hate to see,SARCASM
you did that with your tweet response to me,SARCASM
so follower indicates top notch hitler had a bunch of follower too sound top notch,SARCASM
ur entire beef with the star war writer is over something he said,SARCASM
err no you lot do not want fom surely you do not want foreigner to come and work here,SARCASM
haha that very criticism fall into my second category or the bottom tier of that hierarchy,SARCASM
you really aren t smart are you what wa ironic wa he wa mocking the person because she looked hispanic thus asking to see her green card you know what hispanic visiting this country should have,SARCASM
oh and that is because everybody who doe not agree with me are idiot but that is besides the point lol,SARCASM
yeah that is what we think some do some do not probably a 52 48 split,SARCASM
we lost today pal that is football and you are right these tallaght kid are sheltered no street up here,SARCASM
because clearly a 7 game schedule is absolutely the same a a 20 game schedule so why not do it the same a every other sport,SARCASM
parliament get it is sovereignty from the people you chose to give it away on june 23rd the,SARCASM
